workload,variant,structure,n,time_ms,steps,moves,comparisons
W1,-,DynamicArray,100,0.092600,10000,0,0
W2,-,DynamicArray,100,0.273800,75142,0,75142
W3,head,DynamicArray,100,0.251000,1201920,1200920,0
W3,middle,DynamicArray,100,0.170300,1101920,1100920,0
W1,-,MyLinkedList,100,1.251400,501508,0,0
W2,-,MyLinkedList,100,0.191100,74642,0,75142
W3,head,MyLinkedList,100,0.114500,1000,3000,0
W3,middle,MyLinkedList,100,0.258000,99000,3000,0
W4,-,MinHeap,100,0.038400,3411,1241,1035
W1,-,DynamicArray,1000,0.006600,10000,0,0
W2,-,DynamicArray,1000,0.216600,754334,0,754334
W3,head,DynamicArray,1000,0.386500,3001024,3000024,0
W3,middle,DynamicArray,1000,0.273500,2001024,2000024,0
W1,-,MyLinkedList,1000,6.092100,5005208,0,0
W2,-,MyLinkedList,1000,1.559900,753834,0,754334
W3,head,MyLinkedList,1000,0.018800,1000,3000,0
W3,middle,MyLinkedList,1000,1.175900,999000,3000,0
W4,-,MinHeap,1000,0.121900,54665,19213,17226
W1,-,DynamicArray,10000,0.178500,10000,0,0
W2,-,DynamicArray,10000,9.434900,7534334,0,7534334
W3,head,DynamicArray,10000,3.319400,21000000,20999000,0
W3,middle,DynamicArray,10000,1.748000,11000000,10999000,0
W1,-,MyLinkedList,10000,77.196500,50129208,0,0
W2,-,MyLinkedList,10000,10.231900,7533834,0,7534334
W3,head,MyLinkedList,10000,0.107000,1000,3000,0
W3,middle,MyLinkedList,10000,22.729000,9999000,3000,0
W4,-,MinHeap,10000,2.813800,754133,265475,239329
W1,-,DynamicArray,100000,0.532300,10000,0,0
W2,-,DynamicArray,100000,79.487100,74502823,0,74502823
W3,head,DynamicArray,100000,33.816600,201000000,200999000,0
W3,middle,DynamicArray,100000,18.201100,101000000,100999000,0
W1,-,MyLinkedList,100000,674.851500,502489208,0,0
W2,-,MyLinkedList,100000,118.179600,74502323,0,74502823
W3,head,MyLinkedList,100000,0.105200,1000,3000,0
W3,middle,MyLinkedList,100000,130.508900,99999000,3000,0
W4,-,MinHeap,100000,16.030000,9505677,3287427,3059125
